{
  "weights": [
    0.014148554748270203,
    2.2133910238433394,
    -0.08618116659197797,
    -1.4869301981022944,
    0.3170794425514531,
    2.4063887605936563,
    -0.0823992808808606,
    -0.0009621435618889056,
    0.507048686128167,
    5.646422872001842,
    -0.18996290235712263,
    -0.45204843109223614,
    -1.6933158165164597,
    2.7886841897339867,
    -0.2752172048791065,
    3.0102484754644414,
    -1.641369111364082,
    -1.3798748465396597,
    3.041365545673483,
    2.7832443314437056,
    1.2096019375695755,
    1.8460945489459912,
    0.6007021114050282,
    4.108715604215574,
    -1.2666902700915101,
    -1.9130205941330254,
    2.733670752221881
  ],
  "architecture": {
    "n_inputs": 2,
    "n_hidden": 5,
    "n_outputs": 2
  }
}